id;link;idm_id;created;modified
31;http://www.imdb.com/name/nm0350453/mediaviewer/rm2797070336?context=default&ref_=nm_phs_md_1;nm0350453;2016-11-16 14:42:30.628584;
32;http://www.imdb.com/name/nm0350453/mediaviewer/rm1038483712?context=default&ref_=nm_phs_md_2;nm0350453;2016-11-16 14:42:30.636;
33;http://www.imdb.com/name/nm0350453/mediaviewer/rm1135673600?context=default&ref_=nm_phs_md_3;nm0350453;2016-11-16 14:42:30.644583;
34;http://www.imdb.com/name/nm0350453/mediaviewer/rm1921352960?context=default&ref_=nm_phs_md_4;nm0350453;2016-11-16 14:42:30.652821;
35;http://www.imdb.com/name/nm0350453/mediaviewer/rm3685648640?context=default&ref_=nm_phs_md_5;nm0350453;2016-11-16 14:42:30.661453;
36;http://www.imdb.com/name/nm0350453/mediaviewer/rm1354144000?context=default&ref_=nm_phs_md_6;nm0350453;2016-11-16 14:42:30.671355;
37;http://www.imdb.com/name/nm0350453/mediaindex?ref_=nm_phs_md_sm;nm0350453;2016-11-16 14:42:30.677837;
38;http://www.imdb.com/name/nm0350453/mediaindex?ref_=nm_phs_md_sm;nm0350453;2016-11-16 14:42:30.686088;
39;http://www.imdb.com/name/nm0350453/videogallery?ref_=nm_phs_vi;nm0350453;2016-11-16 14:42:30.69458;
40;http://www.imdb.com/name/nm0350453/news?ref_=nm_phs_nw;nm0350453;2016-11-16 14:42:30.702761;
41;http://www.imdb.com/name/nm0350453/mediaviewer/rm2797070336?context=default&ref_=nm_phs_md_1;nm0350453;2016-11-16 15:02:18.549981;
42;http://www.imdb.com/name/nm0350453/mediaviewer/rm887488768?context=default&ref_=nm_phs_md_2;nm0350453;2016-11-16 15:02:18.576834;
43;http://www.imdb.com/name/nm0350453/mediaviewer/rm1135673600?context=default&ref_=nm_phs_md_3;nm0350453;2016-11-16 15:02:18.585404;
44;http://www.imdb.com/name/nm0350453/mediaviewer/rm3454387968?context=default&ref_=nm_phs_md_4;nm0350453;2016-11-16 15:02:18.593774;
45;http://www.imdb.com/name/nm0350453/mediaviewer/rm3570449152?context=default&ref_=nm_phs_md_5;nm0350453;2016-11-16 15:02:18.602102;
46;http://www.imdb.com/name/nm0350453/mediaviewer/rm3906846464?context=default&ref_=nm_phs_md_6;nm0350453;2016-11-16 15:02:18.610525;
47;http://www.imdb.com/name/nm0350453/mediaindex?ref_=nm_phs_md_sm;nm0350453;2016-11-16 15:02:18.618551;
48;http://www.imdb.com/name/nm0350453/mediaindex?ref_=nm_phs_md_sm;nm0350453;2016-11-16 15:02:18.626565;
49;http://www.imdb.com/name/nm0350453/videogallery?ref_=nm_phs_vi;nm0350453;2016-11-16 15:02:18.634925;
50;http://www.imdb.com/name/nm0350453/news?ref_=nm_phs_nw;nm0350453;2016-11-16 15:02:18.643799;
51;http://www.imdb.com/name/nm0000246/mediaviewer/rm2764381440?context=default&ref_=nm_phs_md_1;nm0000246;2016-11-16 16:52:14.213481;
52;http://www.imdb.com/name/nm0000246/mediaviewer/rm3591442176?context=default&ref_=nm_phs_md_2;nm0000246;2016-11-16 16:52:14.221353;
53;http://www.imdb.com/name/nm0000246/mediaviewer/rm154057472?context=default&ref_=nm_phs_md_3;nm0000246;2016-11-16 16:52:14.229888;
54;http://www.imdb.com/name/nm0000246/mediaviewer/rm519561728?context=default&ref_=nm_phs_md_4;nm0000246;2016-11-16 16:52:14.238038;
55;http://www.imdb.com/name/nm0000246/mediaviewer/rm4006511872?context=default&ref_=nm_phs_md_5;nm0000246;2016-11-16 16:52:14.246604;
56;http://www.imdb.com/name/nm0000246/mediaviewer/rm1257550592?context=default&ref_=nm_phs_md_6;nm0000246;2016-11-16 16:52:14.254603;
57;http://www.imdb.com/name/nm0000246/mediaindex?ref_=nm_phs_md_sm;nm0000246;2016-11-16 16:52:14.263183;
58;http://www.imdb.com/name/nm0000246/mediaindex?ref_=nm_phs_md_sm;nm0000246;2016-11-16 16:52:14.27135;
59;http://www.imdb.com/name/nm0000246/videogallery?ref_=nm_phs_vi;nm0000246;2016-11-16 16:52:14.279942;
60;http://www.imdb.com/name/nm0000246/news?ref_=nm_phs_nw;nm0000246;2016-11-16 16:52:14.288059;
61;http://www.imdb.com/name/nm0000138/mediaviewer/rm2715215616?context=default&ref_=nm_phs_md_1;nm0000138;2016-11-16 17:23:25.189984;
62;http://www.imdb.com/name/nm0000138/mediaviewer/rm1779695872?context=default&ref_=nm_phs_md_2;nm0000138;2016-11-16 17:23:25.197289;
63;http://www.imdb.com/name/nm0000138/mediaviewer/rm920256512?context=default&ref_=nm_phs_md_3;nm0000138;2016-11-16 17:23:25.206071;
64;http://www.imdb.com/name/nm0000138/mediaviewer/rm2763239424?context=default&ref_=nm_phs_md_4;nm0000138;2016-11-16 17:23:25.214271;
65;http://www.imdb.com/name/nm0000138/mediaviewer/rm1249304832?context=default&ref_=nm_phs_md_5;nm0000138;2016-11-16 17:23:25.223419;
66;http://www.imdb.com/name/nm0000138/mediaviewer/rm18061824?context=default&ref_=nm_phs_md_6;nm0000138;2016-11-16 17:23:25.231032;
67;http://www.imdb.com/name/nm0000138/mediaindex?ref_=nm_phs_md_sm;nm0000138;2016-11-16 17:23:25.239717;
68;http://www.imdb.com/name/nm0000138/mediaindex?ref_=nm_phs_md_sm;nm0000138;2016-11-16 17:23:25.247777;
69;http://www.imdb.com/name/nm0000138/videogallery?ref_=nm_phs_vi;nm0000138;2016-11-16 17:23:25.256167;
70;http://www.imdb.com/name/nm0000138/news?ref_=nm_phs_nw;nm0000138;2016-11-16 17:23:25.264525;
71;http://www.imdb.com/name/nm1519666/mediaviewer/rm2317813248?context=default&ref_=nm_phs_md_1;nm1519666;2016-11-17 13:20:28.357259;
72;http://www.imdb.com/name/nm1519666/mediaviewer/rm2284781824?context=default&ref_=nm_phs_md_2;nm1519666;2016-11-17 13:20:28.39049;
73;http://www.imdb.com/name/nm1519666/mediaviewer/rm3941144576?context=default&ref_=nm_phs_md_3;nm1519666;2016-11-17 13:20:28.449683;
74;http://www.imdb.com/name/nm1519666/mediaviewer/rm3075603200?context=default&ref_=nm_phs_md_4;nm1519666;2016-11-17 13:20:28.516838;
75;http://www.imdb.com/name/nm1519666/mediaviewer/rm3114137600?context=default&ref_=nm_phs_md_5;nm1519666;2016-11-17 13:20:28.557297;
76;http://www.imdb.com/name/nm1519666/mediaviewer/rm1658918912?context=default&ref_=nm_phs_md_6;nm1519666;2016-11-17 13:20:28.623962;
77;http://www.imdb.com/name/nm1519666/mediaindex?ref_=nm_phs_md_sm;nm1519666;2016-11-17 13:20:28.699258;
78;http://www.imdb.com/name/nm1519666/mediaindex?ref_=nm_phs_md_sm;nm1519666;2016-11-17 13:20:28.725516;
79;http://www.imdb.com/name/nm1519666/videogallery?ref_=nm_phs_vi;nm1519666;2016-11-17 13:20:28.749155;
80;http://www.imdb.com/name/nm1519666/news?ref_=nm_phs_nw;nm1519666;2016-11-17 13:20:28.757472;
81;http://www.imdb.com/name/nm0000136/mediaviewer/rm2454648320?context=default&ref_=nm_phs_md_1;nm0000136;2016-11-17 13:21:52.605771;
82;http://www.imdb.com/name/nm0000136/mediaviewer/rm3259498496?context=default&ref_=nm_phs_md_2;nm0000136;2016-11-17 13:21:52.614569;
83;http://www.imdb.com/name/nm0000136/mediaviewer/rm1696927744?context=default&ref_=nm_phs_md_3;nm0000136;2016-11-17 13:21:52.623075;
84;http://www.imdb.com/name/nm0000136/mediaviewer/rm1723052032?context=default&ref_=nm_phs_md_4;nm0000136;2016-11-17 13:21:52.631455;
85;http://www.imdb.com/name/nm0000136/mediaviewer/rm1530053376?context=default&ref_=nm_phs_md_5;nm0000136;2016-11-17 13:21:52.63925;
86;http://www.imdb.com/name/nm0000136/mediaviewer/rm2306578688?context=default&ref_=nm_phs_md_6;nm0000136;2016-11-17 13:21:52.648231;
87;http://www.imdb.com/name/nm0000136/mediaindex?ref_=nm_phs_md_sm;nm0000136;2016-11-17 13:21:52.656222;
88;http://www.imdb.com/name/nm0000136/mediaindex?ref_=nm_phs_md_sm;nm0000136;2016-11-17 13:21:52.664748;
89;http://www.imdb.com/name/nm0000136/videogallery?ref_=nm_phs_vi;nm0000136;2016-11-17 13:21:52.672908;
90;http://www.imdb.com/name/nm0000136/news?ref_=nm_phs_nw;nm0000136;2016-11-17 13:21:52.682017;
91;http://www.imdb.com/name/nm2110418/mediaviewer/rm3273322496?context=default&ref_=nm_phs_md_1;nm2110418;2016-11-17 13:25:22.778444;
92;http://www.imdb.com/name/nm2110418/mediaviewer/rm2586248704?context=default&ref_=nm_phs_md_2;nm2110418;2016-11-17 13:25:22.819707;
93;http://www.imdb.com/name/nm2110418/mediaviewer/rm2374822144?context=default&ref_=nm_phs_md_3;nm2110418;2016-11-17 13:25:22.828163;
94;http://www.imdb.com/name/nm2110418/mediaviewer/rm2916875264?context=default&ref_=nm_phs_md_4;nm2110418;2016-11-17 13:25:22.836482;
95;http://www.imdb.com/name/nm2110418/mediaviewer/rm1104935936?context=default&ref_=nm_phs_md_5;nm2110418;2016-11-17 13:25:22.844894;
96;http://www.imdb.com/name/nm2110418/mediaviewer/rm3176131328?context=default&ref_=nm_phs_md_6;nm2110418;2016-11-17 13:25:22.853229;
97;http://www.imdb.com/name/nm2110418/mediaindex?ref_=nm_phs_md_sm;nm2110418;2016-11-17 13:25:22.861757;
98;http://www.imdb.com/name/nm2110418/mediaindex?ref_=nm_phs_md_sm;nm2110418;2016-11-17 13:25:22.87201;
99;http://www.imdb.com/name/nm2110418/videogallery?ref_=nm_phs_vi;nm2110418;2016-11-17 13:25:22.878096;
100;http://www.imdb.com/name/nm2110418/news?ref_=nm_phs_nw;nm2110418;2016-11-17 13:25:22.886799;
101;http://www.imdb.com/name/nm3009232/mediaviewer/rm2552694272?context=default&ref_=nm_phs_md_1;nm3009232;2016-11-17 13:26:35.46235;
102;http://www.imdb.com/name/nm3009232/mediaviewer/rm2335113472?context=default&ref_=nm_phs_md_2;nm3009232;2016-11-17 13:26:35.470645;
103;http://www.imdb.com/name/nm3009232/mediaviewer/rm2827331840?context=default&ref_=nm_phs_md_3;nm3009232;2016-11-17 13:26:35.479025;
104;http://www.imdb.com/name/nm3009232/mediaviewer/rm1083418624?context=default&ref_=nm_phs_md_4;nm3009232;2016-11-17 13:26:35.48731;
105;http://www.imdb.com/name/nm3009232/mediaviewer/rm4253268224?context=default&ref_=nm_phs_md_5;nm3009232;2016-11-17 13:26:35.495705;
106;http://www.imdb.com/name/nm3009232/mediaviewer/rm539428352?context=default&ref_=nm_phs_md_6;nm3009232;2016-11-17 13:26:35.503987;
107;http://www.imdb.com/name/nm3009232/mediaindex?ref_=nm_phs_md_sm;nm3009232;2016-11-17 13:26:35.512526;
108;http://www.imdb.com/name/nm3009232/mediaindex?ref_=nm_phs_md_sm;nm3009232;2016-11-17 13:26:35.521167;
109;http://www.imdb.com/name/nm3009232/videogallery?ref_=nm_phs_vi;nm3009232;2016-11-17 13:26:35.529595;
110;http://www.imdb.com/name/nm3009232/news?ref_=nm_phs_nw;nm3009232;2016-11-17 13:26:35.537702;
111;http://www.imdb.com/name/nm2239702/mediaviewer/rm2552694272?context=default&ref_=nm_phs_md_1;nm2239702;2016-11-17 13:27:27.34489;
112;http://www.imdb.com/name/nm2239702/mediaviewer/rm2150564096?context=default&ref_=nm_phs_md_2;nm2239702;2016-11-17 13:27:27.35267;
113;http://www.imdb.com/name/nm2239702/mediaviewer/rm3771526400?context=default&ref_=nm_phs_md_3;nm2239702;2016-11-17 13:27:27.361335;
114;http://www.imdb.com/name/nm2239702/mediaviewer/rm2063111936?context=default&ref_=nm_phs_md_4;nm2239702;2016-11-17 13:27:27.369501;
115;http://www.imdb.com/name/nm2239702/mediaviewer/rm2636580352?context=default&ref_=nm_phs_md_5;nm2239702;2016-11-17 13:27:27.377934;
116;http://www.imdb.com/name/nm2239702/mediaviewer/rm3379038720?context=default&ref_=nm_phs_md_6;nm2239702;2016-11-17 13:27:27.386101;
117;http://www.imdb.com/name/nm2239702/mediaindex?ref_=nm_phs_md_sm;nm2239702;2016-11-17 13:27:27.394425;
118;http://www.imdb.com/name/nm2239702/mediaindex?ref_=nm_phs_md_sm;nm2239702;2016-11-17 13:27:27.402753;
119;http://www.imdb.com/name/nm2239702/videogallery?ref_=nm_phs_vi;nm2239702;2016-11-17 13:27:27.411103;
120;http://www.imdb.com/name/nm2239702/news?ref_=nm_phs_nw;nm2239702;2016-11-17 13:27:27.41953;
121;http://www.imdb.com/name/nm0268199/mediaviewer/rm1922042368?context=default&ref_=nm_phs_md_1;nm0268199;2016-11-17 13:28:42.069089;
122;http://www.imdb.com/name/nm0268199/mediaviewer/rm2519662848?context=default&ref_=nm_phs_md_2;nm0268199;2016-11-17 13:28:42.077456;
123;http://www.imdb.com/name/nm0268199/mediaviewer/rm3686045696?context=default&ref_=nm_phs_md_3;nm0268199;2016-11-17 13:28:42.085416;
124;http://www.imdb.com/name/nm0268199/mediaviewer/rm1706136576?context=default&ref_=nm_phs_md_4;nm0268199;2016-11-17 13:28:42.093954;
125;http://www.imdb.com/name/nm0268199/mediaviewer/rm3259664128?context=default&ref_=nm_phs_md_5;nm0268199;2016-11-17 13:28:42.102202;
126;http://www.imdb.com/name/nm0268199/mediaviewer/rm3420035840?context=default&ref_=nm_phs_md_6;nm0268199;2016-11-17 13:28:42.110593;
127;http://www.imdb.com/name/nm0268199/mediaindex?ref_=nm_phs_md_sm;nm0268199;2016-11-17 13:28:42.118904;
128;http://www.imdb.com/name/nm0268199/mediaindex?ref_=nm_phs_md_sm;nm0268199;2016-11-17 13:28:42.127256;
129;http://www.imdb.com/name/nm0268199/videogallery?ref_=nm_phs_vi;nm0268199;2016-11-17 13:28:42.135374;
130;http://www.imdb.com/name/nm0268199/news?ref_=nm_phs_nw;nm0268199;2016-11-17 13:28:42.144115;
131;http://www.imdb.com/name/nm2368789/mediaviewer/rm3677819392?context=default&ref_=nm_phs_md_1;nm2368789;2016-11-17 13:31:47.616138;
132;http://www.imdb.com/name/nm2368789/mediaviewer/rm2718034944?context=default&ref_=nm_phs_md_2;nm2368789;2016-11-17 13:31:47.62417;
133;http://www.imdb.com/name/nm2368789/mediaviewer/rm2549912832?context=default&ref_=nm_phs_md_3;nm2368789;2016-11-17 13:31:47.632498;
134;http://www.imdb.com/name/nm2368789/mediaviewer/rm1089136128?context=default&ref_=nm_phs_md_4;nm2368789;2016-11-17 13:31:47.640885;
135;http://www.imdb.com/name/nm2368789/mediaviewer/rm2056830464?context=default&ref_=nm_phs_md_5;nm2368789;2016-11-17 13:31:47.64926;
136;http://www.imdb.com/name/nm2368789/mediaviewer/rm623415040?context=default&ref_=nm_phs_md_6;nm2368789;2016-11-17 13:31:47.657386;
137;http://www.imdb.com/name/nm2368789/mediaindex?ref_=nm_phs_md_sm;nm2368789;2016-11-17 13:31:47.666285;
138;http://www.imdb.com/name/nm2368789/mediaindex?ref_=nm_phs_md_sm;nm2368789;2016-11-17 13:31:47.674158;
139;http://www.imdb.com/name/nm2368789/videogallery?ref_=nm_phs_vi;nm2368789;2016-11-17 13:31:47.682475;
140;http://www.imdb.com/name/nm2368789/news?ref_=nm_phs_nw;nm2368789;2016-11-17 13:31:47.690987;
141;http://www.imdb.com/name/nm0000579/mediaviewer/rm1713177088?context=default&ref_=nm_phs_md_1;nm0000579;2016-11-17 13:33:22.759162;
142;http://www.imdb.com/name/nm0000579/mediaviewer/rm2351890688?context=default&ref_=nm_phs_md_2;nm0000579;2016-11-17 13:33:22.789301;
143;http://www.imdb.com/name/nm0000579/mediaviewer/rm1028882432?context=default&ref_=nm_phs_md_3;nm0000579;2016-11-17 13:33:22.797408;
144;http://www.imdb.com/name/nm0000579/mediaviewer/rm480871424?context=default&ref_=nm_phs_md_4;nm0000579;2016-11-17 13:33:22.805733;
145;http://www.imdb.com/name/nm0000579/mediaviewer/rm4177247488?context=default&ref_=nm_phs_md_5;nm0000579;2016-11-17 13:33:22.81398;
146;http://www.imdb.com/name/nm0000579/mediaviewer/rm3862818816?context=default&ref_=nm_phs_md_6;nm0000579;2016-11-17 13:33:22.822449;
147;http://www.imdb.com/name/nm0000579/mediaindex?ref_=nm_phs_md_sm;nm0000579;2016-11-17 13:33:22.830684;
148;http://www.imdb.com/name/nm0000579/mediaindex?ref_=nm_phs_md_sm;nm0000579;2016-11-17 13:33:22.839066;
149;http://www.imdb.com/name/nm0000579/videogallery?ref_=nm_phs_vi;nm0000579;2016-11-17 13:33:22.847351;
150;http://www.imdb.com/name/nm0000579/news?ref_=nm_phs_nw;nm0000579;2016-11-17 13:33:22.85572;
151;http://www.imdb.com/name/nm0608090/mediaviewer/rm596711424?context=default&ref_=nm_phs_md_1;nm0608090;2016-11-17 13:43:47.175164;
152;http://www.imdb.com/name/nm0608090/mediaviewer/rm443652352?context=default&ref_=nm_phs_md_2;nm0608090;2016-11-17 13:43:47.183175;
153;http://www.imdb.com/name/nm0608090/mediaviewer/rm1715313408?context=default&ref_=nm_phs_md_3;nm0608090;2016-11-17 13:43:47.191765;
154;http://www.imdb.com/name/nm0608090/mediaviewer/rm2539769344?context=default&ref_=nm_phs_md_4;nm0608090;2016-11-17 13:43:47.200012;
155;http://www.imdb.com/name/nm0608090/mediaviewer/rm426678528?context=default&ref_=nm_phs_md_5;nm0608090;2016-11-17 13:43:47.208482;
156;http://www.imdb.com/name/nm0608090/mediaviewer/rm3749090816?context=default&ref_=nm_phs_md_6;nm0608090;2016-11-17 13:43:47.216604;
157;http://www.imdb.com/name/nm0608090/mediaindex?ref_=nm_phs_md_sm;nm0608090;2016-11-17 13:43:47.225104;
158;http://www.imdb.com/name/nm0608090/mediaindex?ref_=nm_phs_md_sm;nm0608090;2016-11-17 13:43:47.233196;
159;http://www.imdb.com/name/nm0608090/videogallery?ref_=nm_phs_vi;nm0608090;2016-11-17 13:43:47.241658;
160;http://www.imdb.com/name/nm0608090/news?ref_=nm_phs_nw;nm0608090;2016-11-17 13:43:47.250034;
161;http://www.imdb.com/name/nm0000685/mediaviewer/rm962333696?context=default&ref_=nm_phs_md_1;nm0000685;2016-11-17 13:46:11.697663;
162;http://www.imdb.com/name/nm0000685/mediaviewer/rm2972647680?context=default&ref_=nm_phs_md_2;nm0000685;2016-11-17 13:46:11.705857;
163;http://www.imdb.com/name/nm0000685/mediaviewer/rm3274283776?context=default&ref_=nm_phs_md_3;nm0000685;2016-11-17 13:46:11.714441;
164;http://www.imdb.com/name/nm0000685/mediaviewer/rm3174144512?context=default&ref_=nm_phs_md_4;nm0000685;2016-11-17 13:46:11.72253;
165;http://www.imdb.com/name/nm0000685/mediaviewer/rm1829427968?context=default&ref_=nm_phs_md_5;nm0000685;2016-11-17 13:46:11.731107;
166;http://www.imdb.com/name/nm0000685/mediaviewer/rm1254523136?context=default&ref_=nm_phs_md_6;nm0000685;2016-11-17 13:46:11.739182;
167;http://www.imdb.com/name/nm0000685/mediaindex?ref_=nm_phs_md_sm;nm0000685;2016-11-17 13:46:11.747865;
168;http://www.imdb.com/name/nm0000685/mediaindex?ref_=nm_phs_md_sm;nm0000685;2016-11-17 13:46:11.755984;
169;http://www.imdb.com/name/nm0000685/videogallery?ref_=nm_phs_vi;nm0000685;2016-11-17 13:46:11.764337;
170;http://www.imdb.com/name/nm0000685/news?ref_=nm_phs_nw;nm0000685;2016-11-17 13:46:11.772538;
171;http://www.imdb.com/name/nm0283945/mediaviewer/rm1042744832?context=default&ref_=nm_phs_md_1;nm0283945;2016-11-17 13:58:01.124712;
172;http://www.imdb.com/name/nm0283945/mediaviewer/rm2284781824?context=default&ref_=nm_phs_md_2;nm0283945;2016-11-17 13:58:01.132997;
173;http://www.imdb.com/name/nm0283945/mediaviewer/rm4247815424?context=default&ref_=nm_phs_md_3;nm0283945;2016-11-17 13:58:01.140918;
174;http://www.imdb.com/name/nm0283945/mediaviewer/rm4224039680?context=default&ref_=nm_phs_md_4;nm0283945;2016-11-17 13:58:01.149863;
175;http://www.imdb.com/name/nm0283945/mediaviewer/rm103651840?context=default&ref_=nm_phs_md_5;nm0283945;2016-11-17 13:58:01.158171;
176;http://www.imdb.com/name/nm0283945/mediaviewer/rm1412872192?context=default&ref_=nm_phs_md_6;nm0283945;2016-11-17 13:58:01.166151;
177;http://www.imdb.com/name/nm0283945/mediaindex?ref_=nm_phs_md_sm;nm0283945;2016-11-17 13:58:01.174644;
178;http://www.imdb.com/name/nm0283945/mediaindex?ref_=nm_phs_md_sm;nm0283945;2016-11-17 13:58:01.183121;
179;http://www.imdb.com/name/nm0283945/videogallery?ref_=nm_phs_vi;nm0283945;2016-11-17 13:58:01.191293;
180;http://www.imdb.com/name/nm0283945/news?ref_=nm_phs_nw;nm0283945;2016-11-17 13:58:01.199716;
181;http://www.imdb.com/name/nm0837223/mediaviewer/rm908527104?context=default&ref_=nm_phs_md_1;nm0837223;2016-11-17 14:03:24.210872;
182;http://www.imdb.com/name/nm0837223/mediaviewer/rm2150564096?context=default&ref_=nm_phs_md_2;nm0837223;2016-11-17 14:03:24.219554;
183;http://www.imdb.com/name/nm0837223/mediaviewer/rm2926101248?context=default&ref_=nm_phs_md_3;nm0837223;2016-11-17 14:03:24.227863;
184;http://www.imdb.com/name/nm0837223/mediaviewer/rm4254851328?context=default&ref_=nm_phs_md_4;nm0837223;2016-11-17 14:03:24.23578;
185;http://www.imdb.com/name/nm0837223/mediaviewer/rm2955870464?context=default&ref_=nm_phs_md_5;nm0837223;2016-11-17 14:03:24.244638;
186;http://www.imdb.com/name/nm0837223/mediaviewer/rm2909324032?context=default&ref_=nm_phs_md_6;nm0837223;2016-11-17 14:03:24.253444;
187;http://www.imdb.com/name/nm0837223/mediaindex?ref_=nm_phs_md_sm;nm0837223;2016-11-17 14:03:24.260915;
188;http://www.imdb.com/name/nm0837223/mediaindex?ref_=nm_phs_md_sm;nm0837223;2016-11-17 14:03:24.269776;
189;http://www.imdb.com/name/nm0837223/videogallery?ref_=nm_phs_vi;nm0837223;2016-11-17 14:03:24.277994;
190;http://www.imdb.com/name/nm0837223/news?ref_=nm_phs_nw;nm0837223;2016-11-17 14:03:24.286036;
191;http://www.imdb.com/name/nm0252238/mediaviewer/rm466871552?context=default&ref_=nm_phs_md_1;nm0252238;2016-11-17 14:06:36.9162;
192;http://www.imdb.com/name/nm0252238/mediaviewer/rm1025967616?context=default&ref_=nm_phs_md_2;nm0252238;2016-11-17 14:06:36.96635;
193;http://www.imdb.com/name/nm0252238/mediaviewer/rm3207528704?context=default&ref_=nm_phs_md_3;nm0252238;2016-11-17 14:06:36.974978;
194;http://www.imdb.com/name/nm0252238/mediaviewer/rm3893860352?context=default&ref_=nm_phs_md_4;nm0252238;2016-11-17 14:06:36.983404;
195;http://www.imdb.com/name/nm0252238/mediaviewer/rm483648768?context=default&ref_=nm_phs_md_5;nm0252238;2016-11-17 14:06:36.991473;
196;http://www.imdb.com/name/nm0252238/mediaviewer/rm4237426176?context=default&ref_=nm_phs_md_6;nm0252238;2016-11-17 14:06:37.000271;
197;http://www.imdb.com/name/nm0252238/mediaindex?ref_=nm_phs_md_sm;nm0252238;2016-11-17 14:06:37.008389;
198;http://www.imdb.com/name/nm0252238/mediaindex?ref_=nm_phs_md_sm;nm0252238;2016-11-17 14:06:37.016397;
199;http://www.imdb.com/name/nm0252238/videogallery?ref_=nm_phs_vi;nm0252238;2016-11-17 14:06:37.025038;
200;http://www.imdb.com/name/nm0252238/news?ref_=nm_phs_nw;nm0252238;2016-11-17 14:06:37.033424;
201;http://www.imdb.com/name/nm3199692/mediaviewer/rm2712211712?context=default&ref_=nm_phs_md_1;nm3199692;2016-11-17 14:10:10.445595;
202;http://www.imdb.com/name/nm3199692/mediaviewer/rm181136384?context=default&ref_=nm_phs_md_2;nm3199692;2016-11-17 14:10:10.454046;
203;http://www.imdb.com/name/nm3199692/mediaviewer/rm3266833408?context=default&ref_=nm_phs_md_3;nm3199692;2016-11-17 14:10:10.462235;
204;http://www.imdb.com/name/nm3199692/mediaviewer/rm2431778560?context=default&ref_=nm_phs_md_4;nm3199692;2016-11-17 14:10:10.47081;
205;http://www.imdb.com/name/nm3199692/mediaviewer/rm2649882368?context=default&ref_=nm_phs_md_5;nm3199692;2016-11-17 14:10:10.479154;
206;http://www.imdb.com/name/nm3199692/mediaviewer/rm2599550720?context=default&ref_=nm_phs_md_6;nm3199692;2016-11-17 14:10:10.487407;
207;http://www.imdb.com/name/nm3199692/mediaindex?ref_=nm_phs_md_sm;nm3199692;2016-11-17 14:10:10.495693;
208;http://www.imdb.com/name/nm3199692/mediaindex?ref_=nm_phs_md_sm;nm3199692;2016-11-17 14:10:10.504402;
209;http://www.imdb.com/name/nm3199692/videogallery?ref_=nm_phs_vi;nm3199692;2016-11-17 14:10:10.512378;
210;http://www.imdb.com/name/nm3199692/news?ref_=nm_phs_nw;nm3199692;2016-11-17 14:10:10.520934;
211;http://www.imdb.com/name/nm0688351/mediaviewer/rm2739269632?context=default&ref_=nm_phs_md_1;nm0688351;2016-11-17 14:11:51.085085;
212;http://www.imdb.com/name/nm0688351/mediaviewer/rm1712103936?context=default&ref_=nm_phs_md_2;nm0688351;2016-11-17 14:11:51.093128;
213;http://www.imdb.com/name/nm0688351/mediaviewer/rm453812736?context=default&ref_=nm_phs_md_3;nm0688351;2016-11-17 14:11:51.101889;
214;http://www.imdb.com/name/nm0688351/mediaviewer/rm135045632?context=default&ref_=nm_phs_md_4;nm0688351;2016-11-17 14:11:51.10997;
215;http://www.imdb.com/name/nm0688351/mediaviewer/rm1688851200?context=default&ref_=nm_phs_md_5;nm0688351;2016-11-17 14:11:51.118088;
216;http://www.imdb.com/name/nm0688351/mediaviewer/rm1906955008?context=default&ref_=nm_phs_md_6;nm0688351;2016-11-17 14:11:51.126971;
217;http://www.imdb.com/name/nm0688351/mediaindex?ref_=nm_phs_md_sm;nm0688351;2016-11-17 14:11:51.135256;
218;http://www.imdb.com/name/nm0688351/mediaindex?ref_=nm_phs_md_sm;nm0688351;2016-11-17 14:11:51.143219;
219;http://www.imdb.com/name/nm0688351/videogallery?ref_=nm_phs_vi;nm0688351;2016-11-17 14:11:51.151822;
220;http://www.imdb.com/name/nm0688351/news?ref_=nm_phs_nw;nm0688351;2016-11-17 14:11:51.160048;
221;http://www.imdb.com/name/nm1212722/mediaviewer/rm72158464?context=default&ref_=nm_phs_md_1;nm1212722;2016-11-17 14:45:12.903713;
222;http://www.imdb.com/name/nm1212722/mediaviewer/rm886572544?context=default&ref_=nm_phs_md_2;nm1212722;2016-11-17 14:45:12.961549;
223;http://www.imdb.com/name/nm1212722/mediaviewer/rm400360192?context=default&ref_=nm_phs_md_3;nm1212722;2016-11-17 14:45:12.969044;
224;http://www.imdb.com/name/nm1212722/mediaviewer/rm1266289152?context=default&ref_=nm_phs_md_4;nm1212722;2016-11-17 14:45:12.978259;
225;http://www.imdb.com/name/nm1212722/mediaviewer/rm531432960?context=default&ref_=nm_phs_md_5;nm1212722;2016-11-17 14:45:12.987169;
226;http://www.imdb.com/name/nm1212722/mediaviewer/rm450691840?context=default&ref_=nm_phs_md_6;nm1212722;2016-11-17 14:45:12.994807;
227;http://www.imdb.com/name/nm1212722/mediaindex?ref_=nm_phs_md_sm;nm1212722;2016-11-17 14:45:13.00228;
228;http://www.imdb.com/name/nm1212722/mediaindex?ref_=nm_phs_md_sm;nm1212722;2016-11-17 14:45:13.012991;
229;http://www.imdb.com/name/nm1212722/videogallery?ref_=nm_phs_vi;nm1212722;2016-11-17 14:45:13.018979;
230;http://www.imdb.com/name/nm1212722/news?ref_=nm_phs_nw;nm1212722;2016-11-17 14:45:13.027328;
231;http://www.imdb.com/name/nm0252230/mediaviewer/rm2560035328?context=default&ref_=nm_phs_md_1;nm0252230;2016-11-17 14:47:48.13378;
232;http://www.imdb.com/name/nm0252230/mediaviewer/rm1755448064?context=default&ref_=nm_phs_md_2;nm0252230;2016-11-17 14:47:48.141877;
233;http://www.imdb.com/name/nm0252230/mediaviewer/rm1689703936?context=default&ref_=nm_phs_md_3;nm0252230;2016-11-17 14:47:48.150233;
234;http://www.imdb.com/name/nm0252230/mediaviewer/rm282919680?context=default&ref_=nm_phs_md_4;nm0252230;2016-11-17 14:47:48.158468;
235;http://www.imdb.com/name/nm0252230/mediaviewer/rm2281300736?context=default&ref_=nm_phs_md_5;nm0252230;2016-11-17 14:47:48.166637;
236;http://www.imdb.com/name/nm0252230/mediaviewer/rm568317440?context=default&ref_=nm_phs_md_6;nm0252230;2016-11-17 14:47:48.175199;
237;http://www.imdb.com/name/nm0252230/mediaindex?ref_=nm_phs_md_sm;nm0252230;2016-11-17 14:47:48.184021;
238;http://www.imdb.com/name/nm0252230/mediaindex?ref_=nm_phs_md_sm;nm0252230;2016-11-17 14:47:48.191869;
239;http://www.imdb.com/name/nm0252230/videogallery?ref_=nm_phs_vi;nm0252230;2016-11-17 14:47:48.200214;
240;http://www.imdb.com/name/nm0252230/news?ref_=nm_phs_nw;nm0252230;2016-11-17 14:47:48.208452;
241;http://www.imdb.com/name/nm1046097/mediaviewer/rm492830720?context=default&ref_=nm_phs_md_1;nm1046097;2016-11-17 14:49:37.009073;
242;http://www.imdb.com/name/nm1046097/mediaviewer/rm2493711104?context=default&ref_=nm_phs_md_2;nm1046097;2016-11-17 14:49:37.018158;
243;http://www.imdb.com/name/nm1046097/mediaviewer/rm1436989440?context=default&ref_=nm_phs_md_3;nm1046097;2016-11-17 14:49:37.025768;
244;http://www.imdb.com/name/nm1046097/mediaviewer/rm1104850944?context=default&ref_=nm_phs_md_4;nm1046097;2016-11-17 14:49:37.034096;
245;http://www.imdb.com/name/nm1046097/mediaviewer/rm3834685696?context=default&ref_=nm_phs_md_5;nm1046097;2016-11-17 14:49:37.042323;
246;http://www.imdb.com/name/nm1046097/mediaviewer/rm3761027584?context=default&ref_=nm_phs_md_6;nm1046097;2016-11-17 14:49:37.050412;
247;http://www.imdb.com/name/nm1046097/mediaindex?ref_=nm_phs_md_sm;nm1046097;2016-11-17 14:49:37.059206;
248;http://www.imdb.com/name/nm1046097/mediaindex?ref_=nm_phs_md_sm;nm1046097;2016-11-17 14:49:37.068002;
249;http://www.imdb.com/name/nm1046097/videogallery?ref_=nm_phs_vi;nm1046097;2016-11-17 14:49:37.075927;
250;http://www.imdb.com/name/nm1046097/news?ref_=nm_phs_nw;nm1046097;2016-11-17 14:49:37.084241;
251;http://www.imdb.com/name/nm0938950/mediaviewer/rm3315393024?context=default&ref_=nm_phs_md_1;nm0938950;2016-11-17 14:51:00.190602;
252;http://www.imdb.com/name/nm0938950/mediaviewer/rm2103443456?context=default&ref_=nm_phs_md_2;nm0938950;2016-11-17 14:51:00.198961;
253;http://www.imdb.com/name/nm0938950/mediaviewer/rm350028544?context=default&ref_=nm_phs_md_3;nm0938950;2016-11-17 14:51:00.20742;
254;http://www.imdb.com/name/nm0938950/mediaviewer/rm2323767552?context=default&ref_=nm_phs_md_4;nm0938950;2016-11-17 14:51:00.21553;
255;http://www.imdb.com/name/nm0938950/mediaviewer/rm1048969728?context=default&ref_=nm_phs_md_5;nm0938950;2016-11-17 14:51:00.224213;
256;http://www.imdb.com/name/nm0938950/mediaviewer/rm4070367744?context=default&ref_=nm_phs_md_6;nm0938950;2016-11-17 14:51:00.232258;
257;http://www.imdb.com/name/nm0938950/mediaindex?ref_=nm_phs_md_sm;nm0938950;2016-11-17 14:51:00.24053;
258;http://www.imdb.com/name/nm0938950/mediaindex?ref_=nm_phs_md_sm;nm0938950;2016-11-17 14:51:00.249015;
259;http://www.imdb.com/name/nm0938950/videogallery?ref_=nm_phs_vi;nm0938950;2016-11-17 14:51:00.257342;
260;http://www.imdb.com/name/nm0938950/news?ref_=nm_phs_nw;nm0938950;2016-11-17 14:51:00.265471;
261;http://www.imdb.com/name/nm0586568/mediaviewer/rm4121558272?context=default&ref_=nm_phs_md_1;nm0586568;2016-11-17 14:53:27.431193;
262;http://www.imdb.com/name/nm0586568/mediaviewer/rm2103443456?context=default&ref_=nm_phs_md_2;nm0586568;2016-11-17 14:53:27.439405;
263;http://www.imdb.com/name/nm0586568/mediaviewer/rm2641036032?context=default&ref_=nm_phs_md_3;nm0586568;2016-11-17 14:53:27.447778;
264;http://www.imdb.com/name/nm0586568/mediaviewer/rm3834880000?context=default&ref_=nm_phs_md_4;nm0586568;2016-11-17 14:53:27.456034;
265;http://www.imdb.com/name/nm0586568/mediaviewer/rm2372334848?context=default&ref_=nm_phs_md_5;nm0586568;2016-11-17 14:53:27.464159;
266;http://www.imdb.com/name/nm0586568/mediaviewer/rm1516956160?context=default&ref_=nm_phs_md_6;nm0586568;2016-11-17 14:53:27.473011;
267;http://www.imdb.com/name/nm0586568/mediaindex?ref_=nm_phs_md_sm;nm0586568;2016-11-17 14:53:27.481893;
268;http://www.imdb.com/name/nm0586568/mediaindex?ref_=nm_phs_md_sm;nm0586568;2016-11-17 14:53:27.489571;
269;http://www.imdb.com/name/nm0586568/videogallery?ref_=nm_phs_vi;nm0586568;2016-11-17 14:53:27.497877;
270;http://www.imdb.com/name/nm0586568/news?ref_=nm_phs_nw;nm0586568;2016-11-17 14:53:27.506151;
271;http://www.imdb.com/name/nm0842770/mediaviewer/rm476053504?context=default&ref_=nm_phs_md_1;nm0842770;2016-11-17 14:55:26.745906;
272;http://www.imdb.com/name/nm0842770/mediaviewer/rm245695232?context=default&ref_=nm_phs_md_2;nm0842770;2016-11-17 14:55:26.754244;
273;http://www.imdb.com/name/nm0842770/mediaviewer/rm3552022016?context=default&ref_=nm_phs_md_3;nm0842770;2016-11-17 14:55:26.762459;
274;http://www.imdb.com/name/nm0842770/mediaviewer/rm841417472?context=default&ref_=nm_phs_md_4;nm0842770;2016-11-17 14:55:26.770927;
275;http://www.imdb.com/name/nm0842770/mediaviewer/rm245536256?context=default&ref_=nm_phs_md_5;nm0842770;2016-11-17 14:55:26.779406;
276;http://www.imdb.com/name/nm0842770/mediaviewer/rm3932461824?context=default&ref_=nm_phs_md_6;nm0842770;2016-11-17 14:55:26.787332;
277;http://www.imdb.com/name/nm0842770/mediaindex?ref_=nm_phs_md_sm;nm0842770;2016-11-17 14:55:26.795877;
278;http://www.imdb.com/name/nm0842770/mediaindex?ref_=nm_phs_md_sm;nm0842770;2016-11-17 14:55:26.804518;
279;http://www.imdb.com/name/nm0842770/videogallery?ref_=nm_phs_vi;nm0842770;2016-11-17 14:55:26.812444;
280;http://www.imdb.com/name/nm0842770/news?ref_=nm_phs_nw;nm0842770;2016-11-17 14:55:26.820875;
281;http://www.imdb.com/name/nm0836121/mediaviewer/rm2923095040?context=default&ref_=nm_phs_md_1;nm0836121;2016-11-17 14:58:19.626216;
282;http://www.imdb.com/name/nm0836121/mediaviewer/rm4129745920?context=default&ref_=nm_phs_md_2;nm0836121;2016-11-17 14:58:19.634412;
283;http://www.imdb.com/name/nm0836121/mediaviewer/rm3428026112?context=default&ref_=nm_phs_md_3;nm0836121;2016-11-17 14:58:19.642794;
284;http://www.imdb.com/name/nm0836121/mediaviewer/rm2908651776?context=default&ref_=nm_phs_md_4;nm0836121;2016-11-17 14:58:19.651054;
285;http://www.imdb.com/name/nm0836121/mediaviewer/rm1396368384?context=default&ref_=nm_phs_md_5;nm0836121;2016-11-17 14:58:19.659258;
286;http://www.imdb.com/name/nm0836121/mediaviewer/rm1859096320?context=default&ref_=nm_phs_md_6;nm0836121;2016-11-17 14:58:19.667739;
287;http://www.imdb.com/name/nm0836121/mediaindex?ref_=nm_phs_md_sm;nm0836121;2016-11-17 14:58:19.676095;
288;http://www.imdb.com/name/nm0836121/mediaindex?ref_=nm_phs_md_sm;nm0836121;2016-11-17 14:58:19.684416;
289;http://www.imdb.com/name/nm0836121/videogallery?ref_=nm_phs_vi;nm0836121;2016-11-17 14:58:19.692748;
290;http://www.imdb.com/name/nm0836121/news?ref_=nm_phs_nw;nm0836121;2016-11-17 14:58:19.70129;
291;http://www.imdb.com/name/nm0000973/mediaviewer/rm2849576192?context=default&ref_=nm_phs_md_1;nm0000973;2016-11-17 14:59:49.726906;
292;http://www.imdb.com/name/nm0000973/mediaviewer/rm3383034624?context=default&ref_=nm_phs_md_2;nm0000973;2016-11-17 14:59:49.735053;
293;http://www.imdb.com/name/nm0000973/mediaviewer/rm1823053824?context=default&ref_=nm_phs_md_3;nm0000973;2016-11-17 14:59:49.744067;
294;http://www.imdb.com/name/nm0000973/mediaviewer/rm1556453376?context=default&ref_=nm_phs_md_4;nm0000973;2016-11-17 14:59:49.751954;
295;http://www.imdb.com/name/nm0000973/mediaviewer/rm3490745856?context=default&ref_=nm_phs_md_5;nm0000973;2016-11-17 14:59:49.760131;
296;http://www.imdb.com/name/nm0000973/mediaviewer/rm3503887616?context=default&ref_=nm_phs_md_6;nm0000973;2016-11-17 14:59:49.768479;
297;http://www.imdb.com/name/nm0000973/mediaindex?ref_=nm_phs_md_sm;nm0000973;2016-11-17 14:59:49.776856;
298;http://www.imdb.com/name/nm0000973/mediaindex?ref_=nm_phs_md_sm;nm0000973;2016-11-17 14:59:49.785276;
299;http://www.imdb.com/name/nm0000973/videogallery?ref_=nm_phs_vi;nm0000973;2016-11-17 14:59:49.793659;
300;http://www.imdb.com/name/nm0000973/news?ref_=nm_phs_nw;nm0000973;2016-11-17 14:59:49.801974;
301;http://www.imdb.com/name/nm0012078/mediaviewer/rm69795840?context=default&ref_=nm_phs_md_1;nm0012078;2016-11-17 15:02:22.60798;
302;http://www.imdb.com/name/nm0012078/mediaviewer/rm1257431808?context=default&ref_=nm_phs_md_2;nm0012078;2016-11-17 15:02:22.649527;
303;http://www.imdb.com/name/nm0012078/mediaviewer/rm142783744?context=default&ref_=nm_phs_md_3;nm0012078;2016-11-17 15:02:22.658088;
304;http://www.imdb.com/name/nm0012078/mediaviewer/rm176338176?context=default&ref_=nm_phs_md_4;nm0012078;2016-11-17 15:02:22.666066;
305;http://www.imdb.com/name/nm0012078/mediaviewer/rm1089659648?context=default&ref_=nm_phs_md_5;nm0012078;2016-11-17 15:02:22.674247;
306;http://www.imdb.com/name/nm0012078/mediaviewer/rm2187116288?context=default&ref_=nm_phs_md_6;nm0012078;2016-11-17 15:02:22.682639;
307;http://www.imdb.com/name/nm0012078/mediaindex?ref_=nm_phs_md_sm;nm0012078;2016-11-17 15:02:22.690816;
308;http://www.imdb.com/name/nm0012078/mediaindex?ref_=nm_phs_md_sm;nm0012078;2016-11-17 15:02:22.699304;
309;http://www.imdb.com/name/nm0012078/videogallery?ref_=nm_phs_vi;nm0012078;2016-11-17 15:02:22.708125;
310;http://www.imdb.com/name/nm0012078/news?ref_=nm_phs_nw;nm0012078;2016-11-17 15:02:22.71676;
311;http://www.imdb.com/name/nm2333360/mediaviewer/rm303104768?context=default&ref_=nm_phs_md_1;nm2333360;2016-11-17 15:04:27.064025;
312;http://www.imdb.com/name/nm2333360/mediaviewer/rm4269998848?context=default&ref_=nm_phs_md_2;nm2333360;2016-11-17 15:04:27.133906;
313;http://www.imdb.com/name/nm2333360/mediaviewer/rm161943040?context=default&ref_=nm_phs_md_3;nm2333360;2016-11-17 15:04:27.147353;
314;http://www.imdb.com/name/nm2333360/mediaviewer/rm4006848256?context=default&ref_=nm_phs_md_4;nm2333360;2016-11-17 15:04:27.155731;
315;http://www.imdb.com/name/nm2333360/mediaviewer/rm1210959872?context=default&ref_=nm_phs_md_5;nm2333360;2016-11-17 15:04:27.164055;
316;http://www.imdb.com/name/nm2333360/mediaviewer/rm128388608?context=default&ref_=nm_phs_md_6;nm2333360;2016-11-17 15:04:27.172612;
317;http://www.imdb.com/name/nm2333360/mediaindex?ref_=nm_phs_md_sm;nm2333360;2016-11-17 15:04:27.180779;
318;http://www.imdb.com/name/nm2333360/mediaindex?ref_=nm_phs_md_sm;nm2333360;2016-11-17 15:04:27.189198;
319;http://www.imdb.com/name/nm2333360/videogallery?ref_=nm_phs_vi;nm2333360;2016-11-17 15:04:27.197429;
320;http://www.imdb.com/name/nm2333360/news?ref_=nm_phs_nw;nm2333360;2016-11-17 15:04:27.205711;
321;http://www.imdb.com/name/nm2349733/mediaviewer/rm3240163072?context=default&ref_=nm_phs_md_1;nm2349733;2016-11-17 15:05:07.889063;
322;http://www.imdb.com/name/nm2349733/mediaviewer/rm561241856?context=default&ref_=nm_phs_md_2;nm2349733;2016-11-17 15:05:07.897489;
323;http://www.imdb.com/name/nm2349733/mediaviewer/rm2856187392?context=default&ref_=nm_phs_md_3;nm2349733;2016-11-17 15:05:07.905522;
324;http://www.imdb.com/name/nm2349733/mediaviewer/rm812900096?context=default&ref_=nm_phs_md_4;nm2349733;2016-11-17 15:05:07.913806;
325;http://www.imdb.com/name/nm2349733/mediaviewer/rm108257024?context=default&ref_=nm_phs_md_5;nm2349733;2016-11-17 15:05:07.922314;
326;http://www.imdb.com/name/nm2349733/mediaviewer/rm963895040?context=default&ref_=nm_phs_md_6;nm2349733;2016-11-17 15:05:07.931025;
327;http://www.imdb.com/name/nm2349733/mediaindex?ref_=nm_phs_md_sm;nm2349733;2016-11-17 15:05:07.939024;
328;http://www.imdb.com/name/nm2349733/mediaindex?ref_=nm_phs_md_sm;nm2349733;2016-11-17 15:05:07.947198;
329;http://www.imdb.com/name/nm7167836/mediaviewer/rm894763008?context=default&ref_=nm_phs_md_1;nm7167836;2016-11-17 15:06:23.021825;
330;http://www.imdb.com/name/nm7167836/mediaviewer/rm2057824000?context=default&ref_=nm_phs_md_2;nm7167836;2016-11-17 15:06:23.02988;
331;http://www.imdb.com/name/nm7167836/mediaviewer/rm1588061952?context=default&ref_=nm_phs_md_3;nm7167836;2016-11-17 15:06:23.039194;
332;http://www.imdb.com/name/nm7167836/mediaviewer/rm626201600?context=default&ref_=nm_phs_md_4;nm7167836;2016-11-17 15:06:23.046885;
333;http://www.imdb.com/name/nm7167836/mediaviewer/rm1688725248?context=default&ref_=nm_phs_md_5;nm7167836;2016-11-17 15:06:23.055399;
334;http://www.imdb.com/name/nm7167836/mediaviewer/rm2007110912?context=default&ref_=nm_phs_md_6;nm7167836;2016-11-17 15:06:23.063289;
335;http://www.imdb.com/name/nm7167836/mediaindex?ref_=nm_phs_md_sm;nm7167836;2016-11-17 15:06:23.071816;
336;http://www.imdb.com/name/nm7167836/mediaindex?ref_=nm_phs_md_sm;nm7167836;2016-11-17 15:06:23.081044;
337;http://www.imdb.com/name/nm7167836/videogallery?ref_=nm_phs_vi;nm7167836;2016-11-17 15:06:23.089038;
338;http://www.imdb.com/name/nm3203072/mediaviewer/rm518193152?context=default&ref_=nm_phs_md_1;nm3203072;2016-11-17 15:06:33.288797;
339;http://www.imdb.com/name/nm3203072/mediaviewer/rm702676992?context=default&ref_=nm_phs_md_2;nm3203072;2016-11-17 15:06:33.296816;
340;http://www.imdb.com/name/nm3203072/mediaviewer/rm232980480?context=default&ref_=nm_phs_md_3;nm3203072;2016-11-17 15:06:33.304901;
341;http://www.imdb.com/name/nm3203072/mediaviewer/rm333643776?context=default&ref_=nm_phs_md_4;nm3203072;2016-11-17 15:06:33.313428;
342;http://www.imdb.com/name/nm3203072/mediaviewer/rm3655401472?context=default&ref_=nm_phs_md_5;nm3203072;2016-11-17 15:06:33.321652;
343;http://www.imdb.com/name/nm3203072/mediaviewer/rm971112448?context=default&ref_=nm_phs_md_6;nm3203072;2016-11-17 15:06:33.329931;
344;http://www.imdb.com/name/nm3203072/mediaindex?ref_=nm_phs_md_sm;nm3203072;2016-11-17 15:06:33.338913;
345;http://www.imdb.com/name/nm3203072/mediaindex?ref_=nm_phs_md_sm;nm3203072;2016-11-17 15:06:33.646768;
346;http://www.imdb.com/name/nm3203072/videogallery?ref_=nm_phs_vi;nm3203072;2016-11-17 15:06:33.679855;
347;http://www.imdb.com/name/nm8091879/mediaviewer/rm3549364992?context=default&ref_=nm_phs_md_1;nm8091879;2016-11-17 15:07:25.145705;
348;http://www.imdb.com/name/nm8091879/mediaviewer/rm714280448?context=default&ref_=nm_phs_md_2;nm8091879;2016-11-17 15:07:25.153964;
349;http://www.imdb.com/name/nm8091879/mediaviewer/rm219684096?context=default&ref_=nm_phs_md_3;nm8091879;2016-11-17 15:07:25.162288;
350;http://www.imdb.com/name/nm8091879/mediaviewer/rm110300672?context=default&ref_=nm_phs_md_4;nm8091879;2016-11-17 15:07:25.170575;
351;http://www.imdb.com/name/nm8091879/mediaviewer/rm236461312?context=default&ref_=nm_phs_md_5;nm8091879;2016-11-17 15:07:25.178835;
352;http://www.imdb.com/name/nm8091879/mediaindex?ref_=nm_phs_md_sm;nm8091879;2016-11-17 15:07:25.187205;
353;http://www.imdb.com/name/nm8091879/mediaindex?ref_=nm_phs_md_sm;nm8091879;2016-11-17 15:07:25.195513;
354;http://www.imdb.com/name/nm8091879/videogallery?ref_=nm_phs_vi;nm8091879;2016-11-17 15:07:25.203866;
355;http://www.imdb.com/name/nm0000329/mediaviewer/rm730860288?context=default&ref_=nm_phs_md_1;nm0000329;2016-11-17 23:38:35.406847;
356;http://www.imdb.com/name/nm0000329/mediaviewer/rm553774080?context=default&ref_=nm_phs_md_2;nm0000329;2016-11-17 23:38:35.418237;
357;http://www.imdb.com/name/nm0000329/mediaviewer/rm2078379776?context=default&ref_=nm_phs_md_3;nm0000329;2016-11-17 23:38:35.429264;
358;http://www.imdb.com/name/nm0000329/mediaviewer/rm1123653888?context=default&ref_=nm_phs_md_4;nm0000329;2016-11-17 23:38:35.44059;
359;http://www.imdb.com/name/nm0000329/mediaviewer/rm3356066304?context=default&ref_=nm_phs_md_5;nm0000329;2016-11-17 23:38:35.451395;
360;http://www.imdb.com/name/nm0000329/mediaviewer/rm1457625344?context=default&ref_=nm_phs_md_6;nm0000329;2016-11-17 23:38:35.4626;
361;http://www.imdb.com/name/nm0000329/mediaindex?ref_=nm_phs_md_sm;nm0000329;2016-11-17 23:38:35.473709;
362;http://www.imdb.com/name/nm0000329/mediaindex?ref_=nm_phs_md_sm;nm0000329;2016-11-17 23:38:35.484708;
363;http://www.imdb.com/name/nm0000329/videogallery?ref_=nm_phs_vi;nm0000329;2016-11-17 23:38:35.495857;
364;http://www.imdb.com/name/nm0000329/news?ref_=nm_phs_nw;nm0000329;2016-11-17 23:38:35.507191;
365;http://www.imdb.com/name/nm0000204/mediaviewer/rm2401568256?context=default&ref_=nm_phs_md_1;nm0000204;2016-11-22 12:05:34.845291;
366;http://www.imdb.com/name/nm0000204/mediaviewer/rm3530556928?context=default&ref_=nm_phs_md_2;nm0000204;2016-11-22 12:05:34.919767;
367;http://www.imdb.com/name/nm0000204/mediaviewer/rm2799286784?context=default&ref_=nm_phs_md_3;nm0000204;2016-11-22 12:05:34.92816;
368;http://www.imdb.com/name/nm0000204/mediaviewer/rm2477163776?context=default&ref_=nm_phs_md_4;nm0000204;2016-11-22 12:05:34.936053;
369;http://www.imdb.com/name/nm0000204/mediaviewer/rm841452032?context=default&ref_=nm_phs_md_5;nm0000204;2016-11-22 12:05:34.945692;
370;http://www.imdb.com/name/nm0000204/mediaviewer/rm9231616?context=default&ref_=nm_phs_md_6;nm0000204;2016-11-22 12:05:34.952785;
371;http://www.imdb.com/name/nm0000204/mediaindex?ref_=nm_phs_md_sm;nm0000204;2016-11-22 12:05:34.9611;
372;http://www.imdb.com/name/nm0000204/mediaindex?ref_=nm_phs_md_sm;nm0000204;2016-11-22 12:05:34.969924;
373;http://www.imdb.com/name/nm0000204/videogallery?ref_=nm_phs_vi;nm0000204;2016-11-22 12:05:34.977682;
374;http://www.imdb.com/name/nm0000204/news?ref_=nm_phs_nw;nm0000204;2016-11-22 12:05:34.986318;
